{"cameraMode":{"drawMode":0,"name":"Shaded","section":"Shading Mode"},"sceneLighting":false,"audioPlay":false,"sceneViewState":{"showFog":true,"showMaterialUpdate":false,"showSkybox":true,"showFlares":true,"showImageEffects":true,"showParticleSystems":true},"in2DMode":false,"pivot":{"x":34.15761184692383,"y":-12.9998779296875,"z":-12.717844009399414},"rotation":{"x":0.25238579511642458,"y":0.7358118891716003,"z":-0.36122584342956545,"w":0.5143056511878967},"size":209.368896484375,"orthographic":false}