{"cameraMode":{"drawMode":0,"name":"Shaded","section":"Shading Mode"},"sceneLighting":false,"audioPlay":false,"sceneViewState":{"showFog":true,"showMaterialUpdate":false,"showSkybox":true,"showFlares":true,"showImageEffects":true,"showParticleSystems":true},"in2DMode":false,"pivot":{"x":-332.5450439453125,"y":-0.31729888916015627,"z":-116.62723541259766},"rotation":{"x":0.3920716941356659,"y":0.3180781900882721,"z":-0.14818790555000306,"w":0.8508671522140503},"size":101.482421875,"orthographic":false}