{"cameraMode":{"drawMode":0,"name":"Shaded","section":"Shading Mode"},"sceneLighting":false,"audioPlay":false,"sceneViewState":{"showFog":true,"showMaterialUpdate":false,"showSkybox":true,"showFlares":true,"showImageEffects":true,"showParticleSystems":true},"in2DMode":false,"pivot":{"x":17.735214233398439,"y":18.426456451416017,"z":5.361448287963867},"rotation":{"x":0.2864132523536682,"y":0.3827691078186035,"z":-0.12618388235569,"w":0.8692785501480103},"size":23.18593406677246,"orthographic":false}