{"cameraMode":{"drawMode":0,"name":"Shaded","section":"Shading Mode"},"sceneLighting":false,"audioPlay":false,"sceneViewState":{"showFog":true,"showMaterialUpdate":false,"showSkybox":true,"showFlares":true,"showImageEffects":true,"showParticleSystems":true},"in2DMode":false,"pivot":{"x":-74.68055725097656,"y":65.4290542602539,"z":25.857025146484376},"rotation":{"x":-0.1239740327000618,"y":-0.6502617001533508,"z":0.1083097755908966,"w":-0.742178738117218},"size":45.728694915771487,"orthographic":false}