{"cameraMode":{"drawMode":0,"name":"Shaded","section":"Shading Mode"},"sceneLighting":false,"audioPlay":false,"sceneViewState":{"showFog":true,"showMaterialUpdate":false,"showSkybox":true,"showFlares":true,"showImageEffects":true,"showParticleSystems":true},"in2DMode":false,"pivot":{"x":-408.0022888183594,"y":4.615966320037842,"z":-150.75326538085938},"rotation":{"x":0.18223178386688233,"y":0.21825332939624787,"z":-0.04097435250878334,"w":0.9582530856132507},"size":20.53640365600586,"orthographic":false}