{"cameraMode":{"drawMode":0,"name":"Shaded","section":"Shading Mode"},"sceneLighting":false,"audioPlay":false,"sceneViewState":{"showFog":true,"showMaterialUpdate":false,"showSkybox":false,"showFlares":true,"showImageEffects":true,"showParticleSystems":true},"in2DMode":false,"pivot":{"x":-333.72332763671877,"y":5.418281555175781,"z":-140.2767333984375},"rotation":{"x":0.11423873156309128,"y":0.8776289820671082,"z":-0.2588714063167572,"w":0.3874914348125458},"size":15.676057815551758,"orthographic":false}