{"cameraMode":{"drawMode":0,"name":"Shaded","section":"Shading Mode"},"sceneLighting":false,"audioPlay":false,"sceneViewState":{"showFog":true,"showMaterialUpdate":false,"showSkybox":false,"showFlares":true,"showImageEffects":true,"showParticleSystems":true},"in2DMode":false,"pivot":{"x":1.2593047618865967,"y":1.2000000476837159,"z":0.0014851093292236329},"rotation":{"x":0.06364215910434723,"y":0.7594516277313232,"z":-0.07411281764507294,"w":0.6436738967895508},"size":5.937519550323486,"orthographic":false}