{"cameraMode":{"drawMode":0,"name":"Shaded","section":"Shading Mode"},"sceneLighting":false,"audioPlay":false,"sceneViewState":{"showFog":true,"showMaterialUpdate":false,"showSkybox":true,"showFlares":true,"showImageEffects":true,"showParticleSystems":true},"in2DMode":false,"pivot":{"x":-397.5377197265625,"y":13.544830322265625,"z":-105.63285064697266},"rotation":{"x":0.02702164091169834,"y":0.9379761219024658,"z":-0.3389546871185303,"w":0.07307128608226776},"size":30.771041870117189,"orthographic":false}