{"cameraMode":{"drawMode":0,"name":"Shaded","section":"Shading Mode"},"sceneLighting":false,"audioPlay":false,"sceneViewState":{"showFog":true,"showMaterialUpdate":false,"showSkybox":true,"showFlares":true,"showImageEffects":true,"showParticleSystems":true},"in2DMode":false,"pivot":{"x":-408.1489562988281,"y":8.08281135559082,"z":-147.48707580566407},"rotation":{"x":0.1410263329744339,"y":-0.3032938838005066,"z":0.045938409864902499,"w":0.9416874647140503},"size":20.66790771484375,"orthographic":false}