{"cameraMode":{"drawMode":0,"name":"Shaded","section":"Shading Mode"},"sceneLighting":false,"audioPlay":false,"sceneViewState":{"showFog":true,"showMaterialUpdate":false,"showSkybox":true,"showFlares":true,"showImageEffects":true,"showParticleSystems":true},"in2DMode":false,"pivot":{"x":-462.3846435546875,"y":159.37551879882813,"z":-43.827117919921878},"rotation":{"x":-0.15571840107440949,"y":-0.8124479651451111,"z":0.24993176758289338,"w":-0.5037873983383179},"size":233.1588897705078,"orthographic":false}