{"cameraMode":{"drawMode":0,"name":"Shaded","section":"Shading Mode"},"sceneLighting":false,"audioPlay":false,"sceneViewState":{"showFog":true,"showMaterialUpdate":false,"showSkybox":true,"showFlares":true,"showImageEffects":true,"showParticleSystems":true},"in2DMode":false,"pivot":{"x":-318.8341064453125,"y":15.752899169921875,"z":-143.58531188964845},"rotation":{"x":-0.31125473976135256,"y":-0.5399206280708313,"z":0.22376838326454163,"w":-0.7496801614761353},"size":374.60162353515627,"orthographic":false}