{"cameraMode":{"drawMode":0,"name":"Shaded","section":"Shading Mode"},"sceneLighting":false,"audioPlay":false,"sceneViewState":{"showFog":true,"showMaterialUpdate":false,"showSkybox":true,"showFlares":true,"showImageEffects":true,"showParticleSystems":true},"in2DMode":false,"pivot":{"x":-435.5037841796875,"y":1.6656608581542969,"z":248.25216674804688},"rotation":{"x":0.25523295998573305,"y":0.7003103494644165,"z":-0.300292044878006,"w":0.5955572724342346},"size":56.746360778808597,"orthographic":false}