{"cameraMode":{"drawMode":0,"name":"Shaded","section":"Shading Mode"},"sceneLighting":false,"audioPlay":false,"sceneViewState":{"showFog":true,"showMaterialUpdate":false,"showSkybox":true,"showFlares":true,"showImageEffects":true,"showParticleSystems":true},"in2DMode":false,"pivot":{"x":-437.2314147949219,"y":6.898162841796875,"z":238.162353515625},"rotation":{"x":-0.008335376158356667,"y":0.7953528761863709,"z":-0.6072062849998474,"w":-0.021350301802158357},"size":31.3443603515625,"orthographic":false}