{"cameraMode":{"drawMode":0,"name":"Shaded","section":"Shading Mode"},"sceneLighting":false,"audioPlay":false,"sceneViewState":{"showFog":true,"showMaterialUpdate":false,"showSkybox":true,"showFlares":true,"showImageEffects":true,"showParticleSystems":true},"in2DMode":false,"pivot":{"x":-408.7321472167969,"y":3.0720834732055666,"z":-98.86407470703125},"rotation":{"x":0.14900484681129456,"y":-0.6198657751083374,"z":-0.12966366112232209,"w":-0.7603772878646851},"size":41.04122543334961,"orthographic":false}