{"cameraMode":{"drawMode":0,"name":"Shaded","section":"Shading Mode"},"sceneLighting":false,"audioPlay":false,"sceneViewState":{"showFog":true,"showMaterialUpdate":false,"showSkybox":true,"showFlares":true,"showImageEffects":true,"showParticleSystems":true},"in2DMode":false,"pivot":{"x":-374.935546875,"y":5.174266815185547,"z":-145.2484588623047},"rotation":{"x":0.0030540351290255787,"y":0.993431031703949,"z":-0.11105737090110779,"w":0.03252503275871277},"size":5.533977508544922,"orthographic":false}