{"cameraMode":{"drawMode":0,"name":"Shaded","section":"Shading Mode"},"sceneLighting":false,"audioPlay":false,"sceneViewState":{"showFog":true,"showMaterialUpdate":false,"showSkybox":true,"showFlares":true,"showImageEffects":true,"showParticleSystems":true},"in2DMode":false,"pivot":{"x":-401.9560546875,"y":-3.264578104019165,"z":-163.62843322753907},"rotation":{"x":0.031471703201532367,"y":-0.9616609811782837,"z":0.12505221366882325,"w":0.24208027124404908},"size":25.66348648071289,"orthographic":false}