{"cameraMode":{"drawMode":0,"name":"Shaded","section":"Shading Mode"},"sceneLighting":false,"audioPlay":false,"sceneViewState":{"showFog":true,"showMaterialUpdate":false,"showSkybox":true,"showFlares":true,"showImageEffects":true,"showParticleSystems":true},"in2DMode":false,"pivot":{"x":-1477.114501953125,"y":-48.715545654296878,"z":-292.36236572265627},"rotation":{"x":0.03971773013472557,"y":-0.7168946862220764,"z":0.04128609970211983,"w":0.6949846744537354},"size":1572.885009765625,"orthographic":false}