{"cameraMode":{"drawMode":0,"name":"Shaded","section":"Shading Mode"},"sceneLighting":false,"audioPlay":false,"sceneViewState":{"showFog":true,"showMaterialUpdate":false,"showSkybox":true,"showFlares":true,"showImageEffects":true,"showParticleSystems":true},"in2DMode":false,"pivot":{"x":-393.4528503417969,"y":2.1956751346588136,"z":-128.01315307617188},"rotation":{"x":0.07948367297649384,"y":0.87519770860672,"z":-0.14989516139030457,"w":0.4541317820549011},"size":5.430185794830322,"orthographic":false}