{"cameraMode":{"drawMode":0,"name":"Shaded","section":"Shading Mode"},"sceneLighting":false,"audioPlay":false,"sceneViewState":{"showFog":true,"showMaterialUpdate":false,"showSkybox":true,"showFlares":true,"showImageEffects":true,"showParticleSystems":true},"in2DMode":false,"pivot":{"x":-424.63726806640627,"y":-0.15976859629154206,"z":227.7752685546875},"rotation":{"x":-0.3455616235733032,"y":0.3007718324661255,"z":-0.11819212883710861,"w":-0.8811426162719727},"size":19.640108108520509,"orthographic":false}