{"cameraMode":{"drawMode":0,"name":"Shaded","section":"Shading Mode"},"sceneLighting":false,"audioPlay":false,"sceneViewState":{"showFog":true,"showMaterialUpdate":false,"showSkybox":true,"showFlares":true,"showImageEffects":true,"showParticleSystems":true},"in2DMode":false,"pivot":{"x":-376.57818603515627,"y":-6.471231460571289,"z":-168.20648193359376},"rotation":{"x":-0.006239574868232012,"y":0.9822201728820801,"z":-0.18664447963237763,"w":-0.027610769495368005},"size":82.56407928466797,"orthographic":false}