{"cameraMode":{"drawMode":0,"name":"Shaded","section":"Shading Mode"},"sceneLighting":false,"audioPlay":false,"sceneViewState":{"showFog":true,"showMaterialUpdate":false,"showSkybox":true,"showFlares":true,"showImageEffects":true,"showParticleSystems":true},"in2DMode":false,"pivot":{"x":-400.66387939453127,"y":2.710624933242798,"z":-50.11140441894531},"rotation":{"x":0.027245376259088517,"y":-0.06539081782102585,"z":0.0018337814835831524,"w":0.997520923614502},"size":89.48419189453125,"orthographic":false}