{"cameraMode":{"drawMode":0,"name":"Shaded","section":"Shading Mode"},"sceneLighting":false,"audioPlay":false,"sceneViewState":{"showFog":true,"showMaterialUpdate":false,"showSkybox":true,"showFlares":true,"showImageEffects":true,"showParticleSystems":true},"in2DMode":false,"pivot":{"x":-400.3536682128906,"y":10.727020263671875,"z":-153.0712127685547},"rotation":{"x":-0.008639817126095295,"y":0.9502123594284058,"z":-0.027161570265889169,"w":-0.31044337153434756},"size":19.618227005004884,"orthographic":false}