{"cameraMode":{"drawMode":0,"name":"Shaded","section":"Shading Mode"},"sceneLighting":false,"audioPlay":false,"sceneViewState":{"showFog":true,"showMaterialUpdate":false,"showSkybox":true,"showFlares":true,"showImageEffects":true,"showParticleSystems":true},"in2DMode":false,"pivot":{"x":-408.2144775390625,"y":26.173755645751954,"z":-123.88692474365235},"rotation":{"x":0.14375479519367219,"y":0.028741244226694108,"z":-0.004126600921154022,"w":0.9892218112945557},"size":89.48419189453125,"orthographic":false}