{"cameraMode":{"drawMode":0,"name":"Shaded","section":"Shading Mode"},"sceneLighting":false,"audioPlay":false,"sceneViewState":{"showFog":true,"showMaterialUpdate":false,"showSkybox":true,"showFlares":true,"showImageEffects":true,"showParticleSystems":true},"in2DMode":false,"pivot":{"x":-123.83183288574219,"y":2.739665985107422,"z":32.108558654785159},"rotation":{"x":-0.040165409445762637,"y":-0.9570849537849426,"z":0.17180047929286958,"w":-0.23104430735111237},"size":122.76622772216797,"orthographic":false}