{"cameraMode":{"drawMode":0,"name":"Shaded","section":"Shading Mode"},"sceneLighting":false,"audioPlay":false,"sceneViewState":{"showFog":true,"showMaterialUpdate":false,"showSkybox":true,"showFlares":true,"showImageEffects":true,"showParticleSystems":true},"in2DMode":false,"pivot":{"x":24.454669952392579,"y":14.268312454223633,"z":-31.824649810791017},"rotation":{"x":-0.0013062801444903017,"y":-0.9987335801124573,"z":0.04647606983780861,"w":-0.029074912890791894},"size":0.4333954453468323,"orthographic":false}