{"cameraMode":{"drawMode":0,"name":"Shaded","section":"Shading Mode"},"sceneLighting":false,"audioPlay":false,"sceneViewState":{"showFog":true,"showMaterialUpdate":false,"showSkybox":true,"showFlares":true,"showImageEffects":true,"showParticleSystems":true},"in2DMode":false,"pivot":{"x":22.50934600830078,"y":13.859811782836914,"z":-37.73390197753906},"rotation":{"x":0.01868724822998047,"y":-0.9814170002937317,"z":0.14829914271831513,"w":0.12218986451625824},"size":2.266604423522949,"orthographic":false}