{"cameraMode":{"drawMode":0,"name":"Shaded","section":"Shading Mode"},"sceneLighting":false,"audioPlay":false,"sceneViewState":{"showFog":true,"showMaterialUpdate":false,"showSkybox":true,"showFlares":true,"showImageEffects":true,"showParticleSystems":true},"in2DMode":false,"pivot":{"x":-444.86053466796877,"y":11.819727897644043,"z":-101.2385482788086},"rotation":{"x":0.30628645420074465,"y":-0.4686807692050934,"z":0.18190015852451325,"w":0.8093665242195129},"size":55.72282028198242,"orthographic":false}