{"cameraMode":{"drawMode":0,"name":"Shaded","section":"Shading Mode"},"sceneLighting":false,"audioPlay":false,"sceneViewState":{"showFog":true,"showMaterialUpdate":false,"showSkybox":true,"showFlares":true,"showImageEffects":true,"showParticleSystems":true},"in2DMode":false,"pivot":{"x":-420.9085388183594,"y":1.7043620347976685,"z":202.2216033935547},"rotation":{"x":-0.011383657343685627,"y":-0.723571240901947,"z":0.011942804791033268,"w":-0.6900674104690552},"size":5.660505294799805,"orthographic":false}