{"cameraMode":{"drawMode":0,"name":"Shaded","section":"Shading Mode"},"sceneLighting":false,"audioPlay":false,"sceneViewState":{"showFog":true,"showMaterialUpdate":false,"showSkybox":true,"showFlares":true,"showImageEffects":true,"showParticleSystems":true},"in2DMode":false,"pivot":{"x":20.011621475219728,"y":13.748525619506836,"z":-40.10551071166992},"rotation":{"x":-0.07899599522352219,"y":-0.7061633467674255,"z":0.07980324327945709,"w":-0.6994264721870422},"size":0.4333954453468323,"orthographic":false}