{"cameraMode":{"drawMode":0,"name":"Shaded","section":"Shading Mode"},"sceneLighting":false,"audioPlay":false,"sceneViewState":{"showFog":true,"showMaterialUpdate":false,"showSkybox":true,"showFlares":true,"showImageEffects":true,"showParticleSystems":true},"in2DMode":false,"pivot":{"x":-404.34783935546877,"y":3.2058534622192385,"z":-162.05819702148438},"rotation":{"x":-0.039788618683815,"y":-0.9380660653114319,"z":0.11705901473760605,"w":-0.32499396800994875},"size":9.025952339172364,"orthographic":false}