{"cameraMode":{"drawMode":0,"name":"Shaded","section":"Shading Mode"},"sceneLighting":false,"audioPlay":false,"sceneViewState":{"showFog":true,"showMaterialUpdate":false,"showSkybox":true,"showFlares":true,"showImageEffects":true,"showParticleSystems":true},"in2DMode":false,"pivot":{"x":-377.663818359375,"y":-26.177021026611329,"z":-120.19600677490235},"rotation":{"x":-0.26837223768234255,"y":-0.45552414655685427,"z":0.14677532017230988,"w":-0.8362403512001038},"size":53.77418518066406,"orthographic":false}