{"cameraMode":{"drawMode":0,"name":"Shaded","section":"Shading Mode"},"sceneLighting":false,"audioPlay":false,"sceneViewState":{"showFog":true,"showMaterialUpdate":false,"showSkybox":true,"showFlares":true,"showImageEffects":true,"showParticleSystems":true},"in2DMode":false,"pivot":{"x":-2.1533889770507814,"y":23.223899841308595,"z":9.589486122131348},"rotation":{"x":-0.3908978998661041,"y":-0.4907285273075104,"z":0.26107290387153628,"w":-0.7337659001350403},"size":35.852455139160159,"orthographic":false}