{"cameraMode":{"drawMode":0,"name":"Shaded","section":"Shading Mode"},"sceneLighting":false,"audioPlay":false,"sceneViewState":{"showFog":true,"showMaterialUpdate":false,"showSkybox":true,"showFlares":true,"showImageEffects":true,"showParticleSystems":true},"in2DMode":false,"pivot":{"x":-432.4497375488281,"y":8.841602325439454,"z":-153.78317260742188},"rotation":{"x":-0.241938978433609,"y":-0.4497097432613373,"z":0.12153243273496628,"w":-0.8520781993865967},"size":4.303086280822754,"orthographic":false}