{"cameraMode":{"drawMode":0,"name":"Shaded","section":"Shading Mode"},"sceneLighting":false,"audioPlay":false,"sceneViewState":{"showFog":true,"showMaterialUpdate":false,"showSkybox":true,"showFlares":true,"showImageEffects":true,"showParticleSystems":true},"in2DMode":false,"pivot":{"x":-435.2059326171875,"y":-0.0283203125,"z":221.6361541748047},"rotation":{"x":0.11862368881702423,"y":-0.8690235614776611,"z":0.41247856616973879,"w":0.24790318310260774},"size":111.03430938720703,"orthographic":false}