{"cameraMode":{"drawMode":0,"name":"Shaded","section":"Shading Mode"},"sceneLighting":false,"audioPlay":false,"sceneViewState":{"showFog":true,"showMaterialUpdate":false,"showSkybox":true,"showFlares":true,"showImageEffects":true,"showParticleSystems":true},"in2DMode":false,"pivot":{"x":-391.4255676269531,"y":5.778716087341309,"z":-123.836181640625},"rotation":{"x":-0.040680836886167529,"y":-0.9556995034217835,"z":0.12166918069124222,"w":-0.26745525002479555},"size":5.515138626098633,"orthographic":false}