{"cameraMode":{"drawMode":0,"name":"Shaded","section":"Shading Mode"},"sceneLighting":false,"audioPlay":false,"sceneViewState":{"showFog":true,"showMaterialUpdate":false,"showSkybox":true,"showFlares":true,"showImageEffects":true,"showParticleSystems":true},"in2DMode":false,"pivot":{"x":-24.380929946899415,"y":-291.0705261230469,"z":-140.88528442382813},"rotation":{"x":0.04010627791285515,"y":-0.8297602534294128,"z":0.5535672903060913,"w":0.06054896116256714},"size":620.8507080078125,"orthographic":false}