{"cameraMode":{"drawMode":0,"name":"Shaded","section":"Shading Mode"},"sceneLighting":false,"audioPlay":false,"sceneViewState":{"showFog":true,"showMaterialUpdate":false,"showSkybox":true,"showFlares":true,"showImageEffects":true,"showParticleSystems":true},"in2DMode":false,"pivot":{"x":-394.3357849121094,"y":3.256563425064087,"z":-132.58233642578126},"rotation":{"x":0.07620316743850708,"y":-0.9232341647148132,"z":0.24837280809879304,"w":0.28317034244537356},"size":6.441659927368164,"orthographic":false}