{"cameraMode":{"drawMode":0,"name":"Shaded","section":"Shading Mode"},"sceneLighting":false,"audioPlay":false,"sceneViewState":{"showFog":true,"showMaterialUpdate":false,"showSkybox":false,"showFlares":true,"showImageEffects":true,"showParticleSystems":true},"in2DMode":false,"pivot":{"x":-411.8199462890625,"y":19.731708526611329,"z":-106.69257354736328},"rotation":{"x":-0.001788160065189004,"y":0.9981018900871277,"z":-0.05125634744763374,"w":-0.03446425497531891},"size":60.21562576293945,"orthographic":false}