{"cameraMode":{"drawMode":0,"name":"Shaded","section":"Shading Mode"},"sceneLighting":false,"audioPlay":false,"sceneViewState":{"showFog":true,"showMaterialUpdate":false,"showSkybox":true,"showFlares":true,"showImageEffects":true,"showParticleSystems":true},"in2DMode":false,"pivot":{"x":-445.233154296875,"y":7.827997207641602,"z":247.487060546875},"rotation":{"x":0.1785842925310135,"y":0.5405867695808411,"z":-0.11913906037807465,"w":0.8137339949607849},"size":3.6375045776367189,"orthographic":false}