{"cameraMode":{"drawMode":0,"name":"Shaded","section":"Shading Mode"},"sceneLighting":false,"audioPlay":false,"sceneViewState":{"showFog":true,"showMaterialUpdate":false,"showSkybox":true,"showFlares":true,"showImageEffects":true,"showParticleSystems":true},"in2DMode":false,"pivot":{"x":-437.3989562988281,"y":-2.986300230026245,"z":227.9710693359375},"rotation":{"x":0.3413076102733612,"y":0.011870482005178929,"z":-0.004268482327461243,"w":0.9399378299713135},"size":36.75041961669922,"orthographic":false}