{"cameraMode":{"drawMode":0,"name":"Shaded","section":"Shading Mode"},"sceneLighting":false,"audioPlay":false,"sceneViewState":{"showFog":true,"showMaterialUpdate":false,"showSkybox":true,"showFlares":true,"showImageEffects":true,"showParticleSystems":true},"in2DMode":false,"pivot":{"x":-398.51885986328127,"y":-6.786808013916016,"z":-161.95762634277345},"rotation":{"x":0.016082804650068284,"y":-0.9611804485321045,"z":0.26944541931152346,"w":0.05749509856104851},"size":71.8584976196289,"orthographic":false}