{"cameraMode":{"drawMode":0,"name":"Shaded","section":"Shading Mode"},"sceneLighting":false,"audioPlay":false,"sceneViewState":{"showFog":true,"showMaterialUpdate":false,"showSkybox":true,"showFlares":true,"showImageEffects":true,"showParticleSystems":true},"in2DMode":false,"pivot":{"x":-391.2237243652344,"y":3.5744872093200685,"z":-119.4979248046875},"rotation":{"x":-0.09974553436040878,"y":0.6671003103256226,"z":-0.09081932157278061,"w":-0.7326577305793762},"size":4.961217403411865,"orthographic":false}