{"cameraMode":{"drawMode":0,"name":"Shaded","section":"Shading Mode"},"sceneLighting":false,"audioPlay":false,"sceneViewState":{"showFog":true,"showMaterialUpdate":false,"showSkybox":true,"showFlares":true,"showImageEffects":true,"showParticleSystems":true},"in2DMode":false,"pivot":{"x":-430.0498962402344,"y":-1.1821765899658204,"z":231.81597900390626},"rotation":{"x":0.47983214259147646,"y":-0.19515113532543183,"z":0.11052355915307999,"w":0.8482779264450073},"size":33.2544059753418,"orthographic":false}