{"cameraMode":{"drawMode":0,"name":"Shaded","section":"Shading Mode"},"sceneLighting":false,"audioPlay":false,"sceneViewState":{"showFog":true,"showMaterialUpdate":false,"showSkybox":true,"showFlares":true,"showImageEffects":true,"showParticleSystems":true},"in2DMode":false,"pivot":{"x":-455.5932922363281,"y":-8.486637115478516,"z":252.8148193359375},"rotation":{"x":-0.2505543828010559,"y":0.5362852811813355,"z":-0.1703851968050003,"w":-0.7878867983818054},"size":25.105653762817384,"orthographic":false}