{"cameraMode":{"drawMode":0,"name":"Shaded","section":"Shading Mode"},"sceneLighting":false,"audioPlay":false,"sceneViewState":{"showFog":true,"showMaterialUpdate":false,"showSkybox":true,"showFlares":true,"showImageEffects":true,"showParticleSystems":true},"in2DMode":false,"pivot":{"x":-429.3765869140625,"y":11.537776947021485,"z":244.2462158203125},"rotation":{"x":0.04082183912396431,"y":-0.9189261794090271,"z":0.3796738386154175,"w":0.09880158305168152},"size":0.28579992055892947,"orthographic":false}