{"cameraMode":{"drawMode":0,"name":"Shaded","section":"Shading Mode"},"sceneLighting":false,"audioPlay":false,"sceneViewState":{"showFog":true,"showMaterialUpdate":false,"showSkybox":true,"showFlares":true,"showImageEffects":true,"showParticleSystems":true},"in2DMode":false,"pivot":{"x":368.57623291015627,"y":444.89825439453127,"z":1546.20263671875},"rotation":{"x":-0.007809304166585207,"y":-0.0069023845717310909,"z":0.000054031144827604294,"w":-0.9999478459358215},"size":2246.978271484375,"orthographic":false}