{"cameraMode":{"drawMode":0,"name":"Shaded","section":"Shading Mode"},"sceneLighting":false,"audioPlay":false,"sceneViewState":{"showFog":true,"showMaterialUpdate":false,"showSkybox":true,"showFlares":true,"showImageEffects":true,"showParticleSystems":true},"in2DMode":false,"pivot":{"x":-427.774169921875,"y":38.831642150878909,"z":252.07012939453126},"rotation":{"x":-0.07585402578115463,"y":-0.08484891802072525,"z":-0.006380362436175346,"w":0.993539571762085},"size":34.54016876220703,"orthographic":false}