{"cameraMode":{"drawMode":0,"name":"Shaded","section":"Shading Mode"},"sceneLighting":false,"audioPlay":false,"sceneViewState":{"showFog":true,"showMaterialUpdate":false,"showSkybox":true,"showFlares":true,"showImageEffects":true,"showParticleSystems":true},"in2DMode":false,"pivot":{"x":-439.8450927734375,"y":-9.574554443359375,"z":251.07986450195313},"rotation":{"x":0.22181709110736848,"y":-0.3376259505748749,"z":0.0822012722492218,"w":0.9111334681510925},"size":71.63207244873047,"orthographic":false}