{"cameraMode":{"drawMode":2,"name":"Shaded Wireframe","section":"Shading Mode"},"sceneLighting":false,"audioPlay":false,"sceneViewState":{"showFog":true,"showMaterialUpdate":false,"showSkybox":true,"showFlares":true,"showImageEffects":true,"showParticleSystems":true},"in2DMode":false,"pivot":{"x":-378.24383544921877,"y":0.5337424278259277,"z":-136.17942810058595},"rotation":{"x":0.044838886708021167,"y":-0.9536235928535461,"z":0.24857598543167115,"w":0.16494706273078919},"size":15.247187614440918,"orthographic":false}