{"cameraMode":{"drawMode":2,"name":"Shaded Wireframe","section":"Shading Mode"},"sceneLighting":false,"audioPlay":false,"sceneViewState":{"showFog":true,"showMaterialUpdate":false,"showSkybox":true,"showFlares":true,"showImageEffects":true,"showParticleSystems":true},"in2DMode":false,"pivot":{"x":-435.9296569824219,"y":5.1456298828125,"z":236.13673400878907},"rotation":{"x":0.4888966679573059,"y":0.39333510398864748,"z":-0.26540014147758486,"w":0.73223477602005},"size":33.637046813964847,"orthographic":false}