{"cameraMode":{"drawMode":0,"name":"Shaded","section":"Shading Mode"},"sceneLighting":false,"audioPlay":false,"sceneViewState":{"showFog":true,"showMaterialUpdate":false,"showSkybox":true,"showFlares":true,"showImageEffects":true,"showParticleSystems":true},"in2DMode":false,"pivot":{"x":-393.2412109375,"y":5.419029712677002,"z":-128.103515625},"rotation":{"x":-0.0067716799676418308,"y":0.9762226343154907,"z":-0.2145218402147293,"w":-0.03077351301908493},"size":13.750415802001954,"orthographic":false}