{"cameraMode":{"drawMode":2,"name":"Shaded Wireframe","section":"Shading Mode"},"sceneLighting":false,"audioPlay":false,"sceneViewState":{"showFog":true,"showMaterialUpdate":false,"showSkybox":false,"showFlares":true,"showImageEffects":true,"showParticleSystems":true},"in2DMode":false,"pivot":{"x":17.63150978088379,"y":-1.0480703115463257,"z":-0.48120808601379397},"rotation":{"x":-0.09730090200901032,"y":0.8160897493362427,"z":-0.14357630908489228,"w":-0.5514048933982849},"size":4.44907283782959,"orthographic":false}