{"cameraMode":{"drawMode":0,"name":"Shaded","section":"Shading Mode"},"sceneLighting":false,"audioPlay":false,"sceneViewState":{"showFog":true,"showMaterialUpdate":false,"showSkybox":true,"showFlares":true,"showImageEffects":true,"showParticleSystems":true},"in2DMode":false,"pivot":{"x":-395.6451416015625,"y":4.29099178314209,"z":-130.91970825195313},"rotation":{"x":0.03427045792341232,"y":-0.9622121453285217,"z":0.22966496646404267,"w":0.14334693551063538},"size":7.2590155601501469,"orthographic":false}