{"cameraMode":{"drawMode":2,"name":"Shaded Wireframe","section":"Shading Mode"},"sceneLighting":false,"audioPlay":false,"sceneViewState":{"showFog":true,"showMaterialUpdate":false,"showSkybox":false,"showFlares":true,"showImageEffects":true,"showParticleSystems":true},"in2DMode":false,"pivot":{"x":0.059332042932510379,"y":-0.029383167624473573,"z":-0.22313404083251954},"rotation":{"x":0.002953221555799246,"y":-0.999759316444397,"z":0.00919470377266407,"w":0.034685030579566959},"size":7.26021671295166,"orthographic":false}