{"cameraMode":{"drawMode":2,"name":"Shaded Wireframe","section":"Shading Mode"},"sceneLighting":false,"audioPlay":false,"sceneViewState":{"showFog":true,"showMaterialUpdate":false,"showSkybox":true,"showFlares":true,"showImageEffects":true,"showParticleSystems":true},"in2DMode":false,"pivot":{"x":-419.80548095703127,"y":2.814862012863159,"z":220.28463745117188},"rotation":{"x":0.22623175382614137,"y":-0.2491772621870041,"z":0.05852342024445534,"w":0.9401187896728516},"size":0.484311580657959,"orthographic":false}