{"cameraMode":{"drawMode":0,"name":"Shaded","section":"Shading Mode"},"sceneLighting":false,"audioPlay":false,"sceneViewState":{"showFog":true,"showMaterialUpdate":false,"showSkybox":true,"showFlares":true,"showImageEffects":true,"showParticleSystems":true},"in2DMode":false,"pivot":{"x":-392.93621826171877,"y":5.573434352874756,"z":-126.26525115966797},"rotation":{"x":0.27079904079437258,"y":0.43505439162254336,"z":-0.13902902603149415,"w":0.8473972082138062},"size":4.041658401489258,"orthographic":false}