{"cameraMode":{"drawMode":2,"name":"Shaded Wireframe","section":"Shading Mode"},"sceneLighting":false,"audioPlay":false,"sceneViewState":{"showFog":true,"showMaterialUpdate":false,"showSkybox":true,"showFlares":true,"showImageEffects":true,"showParticleSystems":true},"in2DMode":false,"pivot":{"x":-395.4744567871094,"y":0.36203333735466006,"z":-159.3125457763672},"rotation":{"x":0.006289214827120304,"y":-0.9960442185401917,"z":0.08102764189243317,"w":0.046032797545194629},"size":29.938961029052736,"orthographic":false}