{"cameraMode":{"drawMode":0,"name":"Shaded","section":"Shading Mode"},"sceneLighting":false,"audioPlay":false,"sceneViewState":{"showFog":true,"showMaterialUpdate":false,"showSkybox":true,"showFlares":true,"showImageEffects":true,"showParticleSystems":true},"in2DMode":false,"pivot":{"x":438.0524597167969,"y":461.220458984375,"z":0.9264602661132813},"rotation":{"x":0.04528985545039177,"y":0.016486013308167459,"z":-0.0007983198738656938,"w":0.9988839626312256},"size":69.38302612304688,"orthographic":false}