{"cameraMode":{"drawMode":0,"name":"Shaded","section":"Shading Mode"},"sceneLighting":false,"audioPlay":false,"sceneViewState":{"showFog":true,"showMaterialUpdate":false,"showSkybox":true,"showFlares":true,"showImageEffects":true,"showParticleSystems":true},"in2DMode":false,"pivot":{"x":-463.62432861328127,"y":-13.63793659210205,"z":251.2477569580078},"rotation":{"x":0.221470907330513,"y":-0.6534795165061951,"z":0.20884805917739869,"w":0.6930943131446838},"size":39.04673767089844,"orthographic":false}