{"cameraMode":{"drawMode":2,"name":"Shaded Wireframe","section":"Shading Mode"},"sceneLighting":false,"audioPlay":false,"sceneViewState":{"showFog":true,"showMaterialUpdate":false,"showSkybox":true,"showFlares":true,"showImageEffects":true,"showParticleSystems":true},"in2DMode":false,"pivot":{"x":-440.35308837890627,"y":4.5647430419921879,"z":221.75570678710938},"rotation":{"x":-0.2519049048423767,"y":0.6621053814888,"z":-0.252682089805603,"w":-0.6591305732727051},"size":8.005687713623047,"orthographic":false}