{"cameraMode":{"drawMode":0,"name":"Shaded","section":"Shading Mode"},"sceneLighting":false,"audioPlay":false,"sceneViewState":{"showFog":true,"showMaterialUpdate":false,"showSkybox":true,"showFlares":true,"showImageEffects":true,"showParticleSystems":true},"in2DMode":false,"pivot":{"x":-427.2983093261719,"y":2.069913148880005,"z":234.63348388671876},"rotation":{"x":0.0021854254882782699,"y":-0.9973715543746948,"z":0.03323189914226532,"w":0.06502483040094376},"size":1.8403055667877198,"orthographic":false}