{"cameraMode":{"drawMode":0,"name":"Shaded","section":"Shading Mode"},"sceneLighting":false,"audioPlay":false,"sceneViewState":{"showFog":true,"showMaterialUpdate":false,"showSkybox":true,"showFlares":true,"showImageEffects":true,"showParticleSystems":true},"in2DMode":false,"pivot":{"x":-439.218505859375,"y":-10.612520217895508,"z":231.64974975585938},"rotation":{"x":0.40658316016197207,"y":-0.4494485557079315,"z":0.24106761813163758,"w":0.7580438852310181},"size":48.71871566772461,"orthographic":false}