{"cameraMode":{"drawMode":0,"name":"Shaded","section":"Shading Mode"},"sceneLighting":false,"audioPlay":false,"sceneViewState":{"showFog":true,"showMaterialUpdate":false,"showSkybox":true,"showFlares":true,"showImageEffects":true,"showParticleSystems":true},"in2DMode":false,"pivot":{"x":-397.7795715332031,"y":-3.2620866298675539,"z":-134.21812438964845},"rotation":{"x":-0.15607844293117524,"y":0.7923879623413086,"z":-0.22726862132549287,"w":-0.5442200899124146},"size":11.506010055541993,"orthographic":false}