{"cameraMode":{"drawMode":2,"name":"Shaded Wireframe","section":"Shading Mode"},"sceneLighting":false,"audioPlay":false,"sceneViewState":{"showFog":true,"showMaterialUpdate":false,"showSkybox":false,"showFlares":true,"showImageEffects":true,"showParticleSystems":true},"in2DMode":false,"pivot":{"x":-7.391627311706543,"y":0.31508922576904299,"z":25.54227066040039},"rotation":{"x":0.051326967775821689,"y":0.9467371702194214,"z":-0.21596884727478028,"w":0.23411259055137635},"size":3.0462536811828615,"orthographic":false}