{"cameraMode":{"drawMode":0,"name":"Shaded","section":"Shading Mode"},"sceneLighting":false,"audioPlay":false,"sceneViewState":{"showFog":true,"showMaterialUpdate":false,"showSkybox":true,"showFlares":true,"showImageEffects":true,"showParticleSystems":true},"in2DMode":false,"pivot":{"x":-441.81524658203127,"y":0.7833938598632813,"z":233.23135375976563},"rotation":{"x":-0.343812495470047,"y":0.6324347257614136,"z":-0.37039268016815188,"w":-0.5870498418807983},"size":12.815465927124024,"orthographic":false}