{"cameraMode":{"drawMode":2,"name":"Shaded Wireframe","section":"Shading Mode"},"sceneLighting":false,"audioPlay":false,"sceneViewState":{"showFog":true,"showMaterialUpdate":false,"showSkybox":true,"showFlares":true,"showImageEffects":true,"showParticleSystems":true},"in2DMode":false,"pivot":{"x":-438.83099365234377,"y":2.0960052013397219,"z":233.2224884033203},"rotation":{"x":0.07084091752767563,"y":0.7089096903800964,"z":-0.07359633594751358,"w":0.6982746124267578},"size":2.857883930206299,"orthographic":false}