{"cameraMode":{"drawMode":2,"name":"Shaded Wireframe","section":"Shading Mode"},"sceneLighting":false,"audioPlay":false,"sceneViewState":{"showFog":true,"showMaterialUpdate":false,"showSkybox":false,"showFlares":true,"showImageEffects":true,"showParticleSystems":true},"in2DMode":false,"pivot":{"x":6.653142929077148,"y":-2.097712278366089,"z":9.832917213439942},"rotation":{"x":0.12285354733467102,"y":0.6152487993240356,"z":-0.09801679104566574,"w":0.7725585103034973},"size":8.070087432861329,"orthographic":false}