{"cameraMode":{"drawMode":0,"name":"Shaded","section":"Shading Mode"},"sceneLighting":false,"audioPlay":false,"sceneViewState":{"showFog":true,"showMaterialUpdate":false,"showSkybox":true,"showFlares":true,"showImageEffects":true,"showParticleSystems":true},"in2DMode":false,"pivot":{"x":-417.5317687988281,"y":-32.20676803588867,"z":-130.31497192382813},"rotation":{"x":-0.36214014887809756,"y":0.46456485986709597,"z":-0.21605542302131654,"w":-0.7786955833435059},"size":49.61283874511719,"orthographic":false}