{"cameraMode":{"drawMode":2,"name":"Shaded Wireframe","section":"Shading Mode"},"sceneLighting":false,"audioPlay":false,"sceneViewState":{"showFog":true,"showMaterialUpdate":false,"showSkybox":false,"showFlares":true,"showImageEffects":true,"showParticleSystems":true},"in2DMode":false,"pivot":{"x":-6.883914947509766,"y":-0.7280000448226929,"z":16.20097541809082},"rotation":{"x":-0.11212712526321411,"y":0.7723273634910584,"z":-0.14185672998428346,"w":-0.6090169548988342},"size":6.662374019622803,"orthographic":false}