{"cameraMode":{"drawMode":2,"name":"Shaded Wireframe","section":"Shading Mode"},"sceneLighting":false,"audioPlay":false,"sceneViewState":{"showFog":true,"showMaterialUpdate":false,"showSkybox":false,"showFlares":true,"showImageEffects":true,"showParticleSystems":true},"in2DMode":false,"pivot":{"x":-448.7905578613281,"y":0.5206141471862793,"z":250.34918212890626},"rotation":{"x":-0.07905344665050507,"y":0.9112442135810852,"z":-0.20739668607711793,"w":-0.347018837928772},"size":7.852090358734131,"orthographic":false}