{"cameraMode":{"drawMode":0,"name":"Shaded","section":"Shading Mode"},"sceneLighting":false,"audioPlay":false,"sceneViewState":{"showFog":true,"showMaterialUpdate":false,"showSkybox":true,"showFlares":true,"showImageEffects":true,"showParticleSystems":true},"in2DMode":false,"pivot":{"x":425.8785095214844,"y":463.28436279296877,"z":-13.671834945678711},"rotation":{"x":0.02314877137541771,"y":0.9202929735183716,"z":-0.3867332935333252,"w":0.05563336983323097},"size":66.20922088623047,"orthographic":false}