{"cameraMode":{"drawMode":0,"name":"Shaded","section":"Shading Mode"},"sceneLighting":false,"audioPlay":false,"sceneViewState":{"showFog":true,"showMaterialUpdate":false,"showSkybox":true,"showFlares":true,"showImageEffects":true,"showParticleSystems":true},"in2DMode":false,"pivot":{"x":27.50863265991211,"y":14.018953323364258,"z":-36.64796829223633},"rotation":{"x":0.1363428831100464,"y":-0.8413144946098328,"z":0.2495104968547821,"w":0.4597291052341461},"size":4.041658401489258,"orthographic":false}