{"cameraMode":{"drawMode":2,"name":"Shaded Wireframe","section":"Shading Mode"},"sceneLighting":false,"audioPlay":false,"sceneViewState":{"showFog":true,"showMaterialUpdate":false,"showSkybox":false,"showFlares":true,"showImageEffects":true,"showParticleSystems":true},"in2DMode":false,"pivot":{"x":-5.001116752624512,"y":-0.5255998373031616,"z":25.663330078125},"rotation":{"x":-0.07952172309160233,"y":0.7571995258331299,"z":-0.09383589774370194,"w":-0.6415207386016846},"size":4.824654579162598,"orthographic":false}