{"cameraMode":{"drawMode":0,"name":"Shaded","section":"Shading Mode"},"sceneLighting":false,"audioPlay":false,"sceneViewState":{"showFog":true,"showMaterialUpdate":false,"showSkybox":true,"showFlares":true,"showImageEffects":true,"showParticleSystems":true},"in2DMode":false,"pivot":{"x":-442.8102722167969,"y":-11.375181198120118,"z":232.07398986816407},"rotation":{"x":0.21711334586143495,"y":-0.45100781321525576,"z":0.11413969844579697,"w":0.8581936955451965},"size":38.23774719238281,"orthographic":false}