{"cameraMode":{"drawMode":0,"name":"Shaded","section":"Shading Mode"},"sceneLighting":false,"audioPlay":false,"sceneViewState":{"showFog":true,"showMaterialUpdate":false,"showSkybox":true,"showFlares":true,"showImageEffects":true,"showParticleSystems":true},"in2DMode":false,"pivot":{"x":-432.5948181152344,"y":-4.706045150756836,"z":222.08656311035157},"rotation":{"x":-0.164389505982399,"y":-0.8289230465888977,"z":0.3166753053665161,"w":-0.43099677562713625},"size":60.62834167480469,"orthographic":false}