{"cameraMode":{"drawMode":0,"name":"Shaded","section":"Shading Mode"},"sceneLighting":false,"audioPlay":false,"sceneViewState":{"showFog":true,"showMaterialUpdate":false,"showSkybox":true,"showFlares":true,"showImageEffects":true,"showParticleSystems":true},"in2DMode":false,"pivot":{"x":-404.6517028808594,"y":1.4270254373550416,"z":-151.76446533203126},"rotation":{"x":0.19829457998275758,"y":0.3251293897628784,"z":-0.06985060125589371,"w":0.9220470786094666},"size":9.161702156066895,"orthographic":false}