{"cameraMode":{"drawMode":0,"name":"Shaded","section":"Shading Mode"},"sceneLighting":false,"audioPlay":false,"sceneViewState":{"showFog":true,"showMaterialUpdate":false,"showSkybox":true,"showFlares":true,"showImageEffects":true,"showParticleSystems":true},"in2DMode":false,"pivot":{"x":-1388.6533203125,"y":-664.2593383789063,"z":88.35189056396485},"rotation":{"x":-0.19382762908935548,"y":0.7261044979095459,"z":-0.22724628448486329,"w":-0.6193247437477112},"size":1227.3236083984375,"orthographic":false}