{"cameraMode":{"drawMode":2,"name":"Shaded Wireframe","section":"Shading Mode"},"sceneLighting":false,"audioPlay":false,"sceneViewState":{"showFog":true,"showMaterialUpdate":false,"showSkybox":false,"showFlares":true,"showImageEffects":true,"showParticleSystems":true},"in2DMode":false,"pivot":{"x":-6.090688228607178,"y":-1.6001627445220948,"z":28.804378509521486},"rotation":{"x":-0.15391193330287934,"y":0.5144158601760864,"z":-0.09210463613271713,"w":-0.8388102054595947},"size":6.346254825592041,"orthographic":false}