{"cameraMode":{"drawMode":2,"name":"Shaded Wireframe","section":"Shading Mode"},"sceneLighting":false,"audioPlay":false,"sceneViewState":{"showFog":true,"showMaterialUpdate":false,"showSkybox":false,"showFlares":true,"showImageEffects":true,"showParticleSystems":true},"in2DMode":false,"pivot":{"x":0.474902480840683,"y":32.731136322021487,"z":2.065023183822632},"rotation":{"x":0.09176156669855118,"y":-0.6166330575942993,"z":0.07026439905166626,"w":0.7789198756217957},"size":0.13157474994659425,"orthographic":false}