{"cameraMode":{"drawMode":2,"name":"Shaded Wireframe","section":"Shading Mode"},"sceneLighting":false,"audioPlay":false,"sceneViewState":{"showFog":true,"showMaterialUpdate":false,"showSkybox":false,"showFlares":true,"showImageEffects":true,"showParticleSystems":true},"in2DMode":false,"pivot":{"x":20.794416427612306,"y":12.919572830200196,"z":-39.28107452392578},"rotation":{"x":-0.023750759661197664,"y":0.7935991883277893,"z":-0.02752632275223732,"w":-0.6076648831367493},"size":5.963953018188477,"orthographic":false}