{"cameraMode":{"drawMode":0,"name":"Shaded","section":"Shading Mode"},"sceneLighting":false,"audioPlay":false,"sceneViewState":{"showFog":true,"showMaterialUpdate":false,"showSkybox":true,"showFlares":true,"showImageEffects":true,"showParticleSystems":true},"in2DMode":false,"pivot":{"x":-444.1534423828125,"y":5.688513278961182,"z":244.8886260986328},"rotation":{"x":0.21432612836360932,"y":-0.5264482498168945,"z":0.13905559480190278,"w":0.8111038208007813},"size":0.638800859451294,"orthographic":false}