{"cameraMode":{"drawMode":2,"name":"Shaded Wireframe","section":"Shading Mode"},"sceneLighting":false,"audioPlay":false,"sceneViewState":{"showFog":true,"showMaterialUpdate":false,"showSkybox":true,"showFlares":true,"showImageEffects":true,"showParticleSystems":true},"in2DMode":false,"pivot":{"x":-392.8921203613281,"y":-0.5902929306030273,"z":-128.7234649658203},"rotation":{"x":-0.03277411684393883,"y":-0.9247480034828186,"z":0.36942046880722048,"w":-0.0896279513835907},"size":7.12095308303833,"orthographic":false}