{"cameraMode":{"drawMode":0,"name":"Shaded","section":"Shading Mode"},"sceneLighting":false,"audioPlay":false,"sceneViewState":{"showFog":true,"showMaterialUpdate":false,"showSkybox":true,"showFlares":true,"showImageEffects":true,"showParticleSystems":true},"in2DMode":false,"pivot":{"x":328.55816650390627,"y":402.99102783203127,"z":-49.05284881591797},"rotation":{"x":-0.11555445194244385,"y":0.0014693246921524406,"z":-0.00017539114924147725,"w":-0.9933282136917114},"size":264.4634094238281,"orthographic":false}