{"cameraMode":{"drawMode":2,"name":"Shaded Wireframe","section":"Shading Mode"},"sceneLighting":false,"audioPlay":false,"sceneViewState":{"showFog":true,"showMaterialUpdate":false,"showSkybox":true,"showFlares":true,"showImageEffects":true,"showParticleSystems":true},"in2DMode":false,"pivot":{"x":-425.7422180175781,"y":3.921712875366211,"z":221.58421325683595},"rotation":{"x":-0.30244845151901247,"y":0.6524248719215393,"z":-0.31680846214294436,"w":-0.61868816614151},"size":23.622957229614259,"orthographic":false}