{"cameraMode":{"drawMode":0,"name":"Shaded","section":"Shading Mode"},"sceneLighting":false,"audioPlay":false,"sceneViewState":{"showFog":true,"showMaterialUpdate":false,"showSkybox":true,"showFlares":true,"showImageEffects":true,"showParticleSystems":true},"in2DMode":false,"pivot":{"x":-440.70294189453127,"y":1.3794668912887574,"z":238.33969116210938},"rotation":{"x":-0.06407596170902252,"y":0.5485738515853882,"z":-0.04221870005130768,"w":-0.8325763940811157},"size":4.108579635620117,"orthographic":false}