{"cameraMode":{"drawMode":0,"name":"Shaded","section":"Shading Mode"},"sceneLighting":false,"audioPlay":false,"sceneViewState":{"showFog":true,"showMaterialUpdate":false,"showSkybox":true,"showFlares":true,"showImageEffects":true,"showParticleSystems":true},"in2DMode":false,"pivot":{"x":-405.7926330566406,"y":-24.36571502685547,"z":-178.90170288085938},"rotation":{"x":0.062260959297418597,"y":-0.8591964840888977,"z":0.10779859870672226,"w":0.4962798058986664},"size":26.718584060668947,"orthographic":false}