{"cameraMode":{"drawMode":2,"name":"Shaded Wireframe","section":"Shading Mode"},"sceneLighting":false,"audioPlay":false,"sceneViewState":{"showFog":true,"showMaterialUpdate":false,"showSkybox":false,"showFlares":true,"showImageEffects":true,"showParticleSystems":true},"in2DMode":false,"pivot":{"x":11.974931716918946,"y":-0.6984164118766785,"z":11.51125717163086},"rotation":{"x":0.10422082990407944,"y":0.6378735303878784,"z":-0.08798328787088394,"w":0.7580498456954956},"size":7.362098217010498,"orthographic":false}