{"cameraMode":{"drawMode":2,"name":"Shaded Wireframe","section":"Shading Mode"},"sceneLighting":false,"audioPlay":false,"sceneViewState":{"showFog":true,"showMaterialUpdate":false,"showSkybox":true,"showFlares":true,"showImageEffects":true,"showParticleSystems":true},"in2DMode":false,"pivot":{"x":-442.2979431152344,"y":1.0990654230117798,"z":222.37286376953126},"rotation":{"x":-0.2201903760433197,"y":-0.7164478302001953,"z":0.258937805891037,"w":-0.6092447638511658},"size":13.913986206054688,"orthographic":false}