{"cameraMode":{"drawMode":2,"name":"Shaded Wireframe","section":"Shading Mode"},"sceneLighting":false,"audioPlay":false,"sceneViewState":{"showFog":true,"showMaterialUpdate":false,"showSkybox":true,"showFlares":true,"showImageEffects":true,"showParticleSystems":true},"in2DMode":false,"pivot":{"x":-390.0328063964844,"y":4.688937187194824,"z":-126.85314178466797},"rotation":{"x":-0.03115926869213581,"y":-0.835978090763092,"z":0.05164329335093498,"w":-0.5460969805717468},"size":7.12095308303833,"orthographic":false}