{"cameraMode":{"drawMode":2,"name":"Shaded Wireframe","section":"Shading Mode"},"sceneLighting":false,"audioPlay":false,"sceneViewState":{"showFog":true,"showMaterialUpdate":false,"showSkybox":true,"showFlares":true,"showImageEffects":true,"showParticleSystems":true},"in2DMode":false,"pivot":{"x":-390.67779541015627,"y":4.231878280639648,"z":-128.41819763183595},"rotation":{"x":-0.0149992061778903,"y":-0.9823520183563232,"z":0.10556803643703461,"w":-0.15514731407165528},"size":15.247187614440918,"orthographic":false}