{"cameraMode":{"drawMode":2,"name":"Shaded Wireframe","section":"Shading Mode"},"sceneLighting":false,"audioPlay":false,"sceneViewState":{"showFog":true,"showMaterialUpdate":false,"showSkybox":true,"showFlares":true,"showImageEffects":true,"showParticleSystems":true},"in2DMode":false,"pivot":{"x":-433.7666931152344,"y":1.0358222723007203,"z":263.17291259765627},"rotation":{"x":0.08120948076248169,"y":0.008685549721121788,"z":-0.002616012701764703,"w":0.9969750642776489},"size":7.12095308303833,"orthographic":false}