{"cameraMode":{"drawMode":0,"name":"Shaded","section":"Shading Mode"},"sceneLighting":false,"audioPlay":false,"sceneViewState":{"showFog":true,"showMaterialUpdate":false,"showSkybox":true,"showFlares":true,"showImageEffects":true,"showParticleSystems":true},"in2DMode":false,"pivot":{"x":38.740386962890628,"y":-17.331748962402345,"z":38.440093994140628},"rotation":{"x":-0.29574909806251528,"y":-0.5800341963768005,"z":0.23803579807281495,"w":-0.720752477645874},"size":148.89935302734376,"orthographic":false}