{"cameraMode":{"drawMode":0,"name":"Shaded","section":"Shading Mode"},"sceneLighting":false,"audioPlay":false,"sceneViewState":{"showFog":true,"showMaterialUpdate":false,"showSkybox":true,"showFlares":true,"showImageEffects":true,"showParticleSystems":true},"in2DMode":false,"pivot":{"x":33.31890869140625,"y":15.465660095214844,"z":-32.76063537597656},"rotation":{"x":0.06852733343839646,"y":-0.914786159992218,"z":0.17376379668712617,"w":0.35937151312828066},"size":27.743093490600587,"orthographic":false}