{"cameraMode":{"drawMode":0,"name":"Shaded","section":"Shading Mode"},"sceneLighting":false,"audioPlay":false,"sceneViewState":{"showFog":true,"showMaterialUpdate":false,"showSkybox":true,"showFlares":true,"showImageEffects":true,"showParticleSystems":true},"in2DMode":false,"pivot":{"x":-7.8714141845703129,"y":12.377946853637696,"z":-19.254728317260743},"rotation":{"x":-0.02640654519200325,"y":-0.850879430770874,"z":0.040490344166755679,"w":-0.5244600772857666},"size":13.733696937561036,"orthographic":false}