{"cameraMode":{"drawMode":0,"name":"Shaded","section":"Shading Mode"},"sceneLighting":false,"audioPlay":false,"sceneViewState":{"showFog":true,"showMaterialUpdate":false,"showSkybox":true,"showFlares":true,"showImageEffects":true,"showParticleSystems":true},"in2DMode":false,"pivot":{"x":26.684673309326173,"y":19.388395309448243,"z":27.379165649414064},"rotation":{"x":0.0131148686632514,"y":-0.9895598888397217,"z":0.0968630313873291,"w":0.11275114864110947},"size":1.6666045188903809,"orthographic":false}