{"cameraMode":{"drawMode":0,"name":"Shaded","section":"Shading Mode"},"sceneLighting":false,"audioPlay":false,"sceneViewState":{"showFog":true,"showMaterialUpdate":false,"showSkybox":true,"showFlares":true,"showImageEffects":true,"showParticleSystems":true},"in2DMode":false,"pivot":{"x":31.47386932373047,"y":-70.60488891601563,"z":-110.64887237548828},"rotation":{"x":0.01774696260690689,"y":0.9700819849967957,"z":-0.23061417043209077,"w":0.07439281046390534},"size":233.8726348876953,"orthographic":false}